path,hash
META-INF/MANIFEST.MF,4216475672
assets/wynnvp/sounds/cookassistant1.ogg,2582722490
assets/wynnvp/sounds/cookassistant2.ogg,2118623989
assets/wynnvp/sounds/enzansbrotherenzan.ogg,1071091707
assets/wynnvp/sounds/enzansbrothertherck1.ogg,2697997251
assets/wynnvp/sounds/enzansbrothertherck2.ogg,2956111325
assets/wynnvp/sounds/kingsrecruit-aledar-1.ogg,2548452340
assets/wynnvp/sounds/kingsrecruit-aledar-10.ogg,4224853633
assets/wynnvp/sounds/kingsrecruit-aledar-11.ogg,2031726629
assets/wynnvp/sounds/kingsrecruit-aledar-12.ogg,3129556721
assets/wynnvp/sounds/kingsrecruit-aledar-13.ogg,3183514079
assets/wynnvp/sounds/kingsrecruit-aledar-14.ogg,2149578891
assets/wynnvp/sounds/kingsrecruit-aledar-15.ogg,725675079
assets/wynnvp/sounds/kingsrecruit-aledar-16.ogg,2641055548
assets/wynnvp/sounds/kingsrecruit-aledar-17.ogg,3790097304
assets/wynnvp/sounds/kingsrecruit-aledar-18.ogg,3771988951
assets/wynnvp/sounds/kingsrecruit-aledar-19.ogg,3249553454
assets/wynnvp/sounds/kingsrecruit-aledar-2.ogg,2221427684
assets/wynnvp/sounds/kingsrecruit-aledar-20.ogg,2826522953
assets/wynnvp/sounds/kingsrecruit-aledar-21.ogg,2844465968
assets/wynnvp/sounds/kingsrecruit-aledar-22.ogg,2460636854
assets/wynnvp/sounds/kingsrecruit-aledar-23.ogg,3239499895
assets/wynnvp/sounds/kingsrecruit-aledar-24.ogg,2902868870
assets/wynnvp/sounds/kingsrecruit-aledar-25.ogg,1142559688
assets/wynnvp/sounds/kingsrecruit-aledar-26.ogg,418193941
assets/wynnvp/sounds/kingsrecruit-aledar-27.ogg,2629103905
assets/wynnvp/sounds/kingsrecruit-aledar-3.ogg,3166749490
assets/wynnvp/sounds/kingsrecruit-aledar-4.ogg,2830617752
assets/wynnvp/sounds/kingsrecruit-aledar-5.ogg,3969344065
assets/wynnvp/sounds/kingsrecruit-aledar-6.ogg,2375415420
assets/wynnvp/sounds/kingsrecruit-aledar-7.ogg,3914224782
assets/wynnvp/sounds/kingsrecruit-aledar-8.ogg,1396471448
assets/wynnvp/sounds/kingsrecruit-aledar-9.ogg,2038128338
assets/wynnvp/sounds/kingsrecruit-caravandriver-1.ogg,3930147998
assets/wynnvp/sounds/kingsrecruit-caravandriver-2.ogg,1585201211
assets/wynnvp/sounds/kingsrecruit-caravandriver-3.ogg,2838132762
assets/wynnvp/sounds/kingsrecruit-guard-1.ogg,498944605
assets/wynnvp/sounds/kingsrecruit-guard-2.ogg,4042473631
assets/wynnvp/sounds/kingsrecruit-guard-3.ogg,831469234
assets/wynnvp/sounds/kingsrecruit-guard-4.ogg,3313973303
assets/wynnvp/sounds/kingsrecruit-guard2-1.ogg,4292079334
assets/wynnvp/sounds/kingsrecruit-guard2-10.ogg,2160628258
assets/wynnvp/sounds/kingsrecruit-guard2-11.ogg,2735586806
assets/wynnvp/sounds/kingsrecruit-guard2-12.ogg,3403322063
assets/wynnvp/sounds/kingsrecruit-guard2-13.ogg,2045813832
assets/wynnvp/sounds/kingsrecruit-guard2-14.ogg,472518040
assets/wynnvp/sounds/kingsrecruit-guard2-15.ogg,2663710219
assets/wynnvp/sounds/kingsrecruit-guard2-16.ogg,114855540
assets/wynnvp/sounds/kingsrecruit-guard2-17.ogg,2920846293
assets/wynnvp/sounds/kingsrecruit-guard2-18.ogg,3270942766
assets/wynnvp/sounds/kingsrecruit-guard2-19.ogg,377888687
assets/wynnvp/sounds/kingsrecruit-guard2-2.ogg,1361479834
assets/wynnvp/sounds/kingsrecruit-guard2-20.ogg,4268073893
assets/wynnvp/sounds/kingsrecruit-guard2-21.ogg,3523039736
assets/wynnvp/sounds/kingsrecruit-guard2-22.ogg,2276657724
assets/wynnvp/sounds/kingsrecruit-guard2-23.ogg,2489512710
assets/wynnvp/sounds/kingsrecruit-guard2-24.ogg,2104576274
assets/wynnvp/sounds/kingsrecruit-guard2-25.ogg,1067741802
assets/wynnvp/sounds/kingsrecruit-guard2-26.ogg,3286448962
assets/wynnvp/sounds/kingsrecruit-guard2-27.ogg,227019274
assets/wynnvp/sounds/kingsrecruit-guard2-28.ogg,2202902681
assets/wynnvp/sounds/kingsrecruit-guard2-29.ogg,2016076366
assets/wynnvp/sounds/kingsrecruit-guard2-3.ogg,6623506
assets/wynnvp/sounds/kingsrecruit-guard2-30.ogg,966048896
assets/wynnvp/sounds/kingsrecruit-guard2-31.ogg,1317159720
assets/wynnvp/sounds/kingsrecruit-guard2-32.ogg,2888476374
assets/wynnvp/sounds/kingsrecruit-guard2-4.ogg,2605663065
assets/wynnvp/sounds/kingsrecruit-guard2-5.ogg,103769266
assets/wynnvp/sounds/kingsrecruit-guard2-6.ogg,241909960
assets/wynnvp/sounds/kingsrecruit-guard2-7.ogg,1849204483
assets/wynnvp/sounds/kingsrecruit-guard2-8.ogg,2805532262
assets/wynnvp/sounds/kingsrecruit-guard2-9.ogg,4065031562
assets/wynnvp/sounds/kingsrecruit-ragnisking-1.ogg,548340816
assets/wynnvp/sounds/kingsrecruit-ragnisking-2.ogg,156421774
assets/wynnvp/sounds/kingsrecruit-soldier-1.ogg,152726893
assets/wynnvp/sounds/kingsrecruit-soldier-2.ogg,2517005597
assets/wynnvp/sounds/kingsrecruit-soldier1-1.ogg,3693426412
assets/wynnvp/sounds/kingsrecruit-soldier1-2.ogg,1688401105
assets/wynnvp/sounds/kingsrecruit-soldier1-3.ogg,3087500141
assets/wynnvp/sounds/kingsrecruit-soldier1-4.ogg,3779562083
assets/wynnvp/sounds/kingsrecruit-soldier1-5.ogg,2500526828
assets/wynnvp/sounds/kingsrecruit-soldier1-6.ogg,1566049204
assets/wynnvp/sounds/kingsrecruit-soldier1-7.ogg,4141747890
assets/wynnvp/sounds/kingsrecruit-tasim-1.ogg,561137529
assets/wynnvp/sounds/kingsrecruit-tasim-10.ogg,4115524347
assets/wynnvp/sounds/kingsrecruit-tasim-11.ogg,3895515841
assets/wynnvp/sounds/kingsrecruit-tasim-12.ogg,1859085658
assets/wynnvp/sounds/kingsrecruit-tasim-13.ogg,3251502253
assets/wynnvp/sounds/kingsrecruit-tasim-14.ogg,2431465867
assets/wynnvp/sounds/kingsrecruit-tasim-15.ogg,3429637367
assets/wynnvp/sounds/kingsrecruit-tasim-16.ogg,3663130147
assets/wynnvp/sounds/kingsrecruit-tasim-17.ogg,3789108986
assets/wynnvp/sounds/kingsrecruit-tasim-18.ogg,1061382972
assets/wynnvp/sounds/kingsrecruit-tasim-19.ogg,758373131
assets/wynnvp/sounds/kingsrecruit-tasim-2.ogg,3879867638
assets/wynnvp/sounds/kingsrecruit-tasim-20.ogg,3275925165
assets/wynnvp/sounds/kingsrecruit-tasim-21.ogg,539535059
assets/wynnvp/sounds/kingsrecruit-tasim-22.ogg,1174150927
assets/wynnvp/sounds/kingsrecruit-tasim-3.ogg,2557023605
assets/wynnvp/sounds/kingsrecruit-tasim-4.ogg,577060136
assets/wynnvp/sounds/kingsrecruit-tasim-5.ogg,1261744858
assets/wynnvp/sounds/kingsrecruit-tasim-6.ogg,727553933
assets/wynnvp/sounds/kingsrecruit-tasim-7.ogg,517481740
assets/wynnvp/sounds/kingsrecruit-tasim-8.ogg,547816170
assets/wynnvp/sounds/kingsrecruit-tasim-9.ogg,2645421269
assets/wynnvp/sounds/poisoningthepest-farmercevalus-1.ogg,512547338
assets/wynnvp/sounds/poisoningthepest-farmercevalus-2.ogg,1690951715
assets/wynnvp/sounds/poisoningthepest-farmercevalus-3.ogg,3331065522
assets/wynnvp/sounds/poisoningthepest-farmercevalus-4.ogg,315976507
assets/wynnvp/sounds/poisoningthepest-farmercevalus-5.ogg,2131428480
assets/wynnvp/sounds/poisoningthepest-farmercevalus-6.ogg,464623268
assets/wynnvp/sounds/poisoningthepest-farmercevalus-7.ogg,214878321
assets/wynnvp/sounds.json,55252682
com/wynnvp/wynncraftvp/events/PlaySoundEventListener$1.class,1013989692
com/wynnvp/wynncraftvp/events/PlaySoundEventListener.class,436616728
com/wynnvp/wynncraftvp/events/ReceiveChatEvent.class,3476198705
com/wynnvp/wynncraftvp/events/SendChatMessageEvent.class,1182646222
com/wynnvp/wynncraftvp/ModCore.class,3031696763
com/wynnvp/wynncraftvp/sound/CustomSoundClass.class,2497231809
com/wynnvp/wynncraftvp/sound/SoundAtPlayer.class,3265158046
com/wynnvp/wynncraftvp/sound/SoundPlayer.class,1708843444
com/wynnvp/wynncraftvp/sound/SoundsHandler.class,2882235429
com/wynnvp/wynncraftvp/utils/Utils.class,3736665060
mcmod.info,4115984069
pack.mcmeta,25077278
